{
    "by_hour": {
        "00": {
            "hour": 0,
            "n": 9273,
            "p_lt200": 0.00035398230088495576,
            "p_lt800": 0.008584070796460177,
            "p_lt1600": 0.015575221238938054
        },
        "01": {
            "hour": 1,
            "n": 9176,
            "p_lt200": 0,
            "p_lt800": 0.009164420485175202,
            "p_lt1600": 0.0174303683737646
        },
        "02": {
            "hour": 2,
            "n": 9119,
            "p_lt200": 0,
            "p_lt800": 0.01232218900063423,
            "p_lt1600": 0.021020204765787805
        },
        "03": {
            "hour": 3,
            "n": 9089,
            "p_lt200": 0.00018385732671446958,
            "p_lt800": 0.01627137341423056,
            "p_lt1600": 0.02822209965067108
        },
        "04": {
            "hour": 4,
            "n": 9251,
            "p_lt200": 0.000714987934578604,
            "p_lt800": 0.017159710429886496,
            "p_lt1600": 0.028152649924032533
        },
        "05": {
            "hour": 5,
            "n": 9464,
            "p_lt200": 0.0008698677800974252,
            "p_lt800": 0.015309672929714684,
            "p_lt1600": 0.027574808629088378
        },
        "06": {
            "hour": 6,
            "n": 9210,
            "p_lt200": 0.0003520816829504445,
            "p_lt800": 0.01496347152539389,
            "p_lt1600": 0.02658216706275856
        },
        "07": {
            "hour": 7,
            "n": 8759,
            "p_lt200": 0.00035326326945155876,
            "p_lt800": 0.01130442462244988,
            "p_lt1600": 0.018899584915658393
        },
        "08": {
            "hour": 8,
            "n": 8103,
            "p_lt200": 0,
            "p_lt800": 0.0061975591151792525,
            "p_lt1600": 0.013348588863463006
        },
        "09": {
            "hour": 9,
            "n": 7844,
            "p_lt200": 0,
            "p_lt800": 0.0018611029483788814,
            "p_lt1600": 0.0060730727789205605
        },
        "10": {
            "hour": 10,
            "n": 7388,
            "p_lt200": 0,
            "p_lt800": 0.00041605991262741833,
            "p_lt1600": 0.0016642396505096733
        },
        "11": {
            "hour": 11,
            "n": 7130,
            "p_lt200": 0,
            "p_lt800": 0.00010783996549121104,
            "p_lt1600": 0.0007548797584384774
        },
        "12": {
            "hour": 12,
            "n": 7019,
            "p_lt200": 0,
            "p_lt800": 0,
            "p_lt1600": 0.0006548788474132286
        },
        "13": {
            "hour": 13,
            "n": 6957,
            "p_lt200": 0,
            "p_lt800": 0,
            "p_lt1600": 0.00011010790574763268
        },
        "14": {
            "hour": 14,
            "n": 6938,
            "p_lt200": 0,
            "p_lt800": 0,
            "p_lt1600": 0.0003307972213033411
        },
        "15": {
            "hour": 15,
            "n": 6954,
            "p_lt200": 0,
            "p_lt800": 0,
            "p_lt1600": 0.0003298515667949423
        },
        "16": {
            "hour": 16,
            "n": 6942,
            "p_lt200": 0,
            "p_lt800": 0,
            "p_lt1600": 0.00033003300330033004
        },
        "17": {
            "hour": 17,
            "n": 6975,
            "p_lt200": 0,
            "p_lt800": 0.0004390779363336992,
            "p_lt1600": 0.0013172338090010978
        },
        "18": {
            "hour": 18,
            "n": 7271,
            "p_lt200": 0,
            "p_lt800": 0.0006385696040868455,
            "p_lt1600": 0.0018092805449127288
        },
        "19": {
            "hour": 19,
            "n": 7549,
            "p_lt200": 0.00020927069163963587,
            "p_lt800": 0.001569530187297269,
            "p_lt1600": 0.0027205189913152663
        },
        "20": {
            "hour": 20,
            "n": 8194,
            "p_lt200": 9.763718023823472e-5,
            "p_lt800": 0.0022456551454793985,
            "p_lt1600": 0.004784221831673501
        },
        "21": {
            "hour": 21,
            "n": 8819,
            "p_lt200": 0.0003710230961877377,
            "p_lt800": 0.004545032928299787,
            "p_lt1600": 0.00899731008255264
        },
        "22": {
            "hour": 22,
            "n": 9092,
            "p_lt200": 0.00036097825106037363,
            "p_lt800": 0.005234184640375417,
            "p_lt1600": 0.011100081220106488
        },
        "23": {
            "hour": 23,
            "n": 9187,
            "p_lt200": 0.0003579418344519016,
            "p_lt800": 0.006442953020134228,
            "p_lt1600": 0.013333333333333334
        }
    },
    "meta": {
        "generated_at": "2025-11-05T11:19:05+00:00",
        "tz": "America/Tijuana",
        "w_sab": 2,
        "w_cent": 1,
        "sabana_seen": 50437,
        "sabana_used": 50435,
        "centinelas_seen": 157124,
        "centinelas_used": 145268,
        "icaos_used": [
            "KSAN",
            "KMYF",
            "KSDM",
            "KNRS",
            "KSEE"
        ]
    }
}